-- --------------------------------------------------------
-- Host:                         127.0.0.1
-- Server version:               11.2.2-MariaDB - mariadb.org binary distribution
-- Server OS:                    Win64
-- HeidiSQL Version:             12.3.0.6589
-- --------------------------------------------------------

/*!40101 SET @OLD_CHARACTER_SET_CLIENT=@@CHARACTER_SET_CLIENT */;
/*!40101 SET NAMES utf8 */;
/*!50503 SET NAMES utf8mb4 */;
/*!40103 SET @OLD_TIME_ZONE=@@TIME_ZONE */;
/*!40103 SET TIME_ZONE='+00:00' */;
/*!40014 SET @OLD_FOREIGN_KEY_CHECKS=@@FOREIGN_KEY_CHECKS, FOREIGN_KEY_CHECKS=0 */;
/*!40101 SET @OLD_SQL_MODE=@@SQL_MODE, SQL_MODE='NO_AUTO_VALUE_ON_ZERO' */;
/*!40111 SET @OLD_SQL_NOTES=@@SQL_NOTES, SQL_NOTES=0 */;


-- Dumping database structure for cryptodatabase
CREATE DATABASE IF NOT EXISTS `cryptodatabase` /*!40100 DEFAULT CHARACTER SET latin1 COLLATE latin1_swedish_ci */;
USE `cryptodatabase`;

-- Dumping structure for table cryptodatabase.blockchain
CREATE TABLE IF NOT EXISTS `blockchain` (
  `blockchainID` int(11) NOT NULL,
  `BuiltOn_blockchainID` int(11) DEFAULT NULL,
  `name` varchar(255) NOT NULL,
  `launch_date` date NOT NULL,
  `block_time` float DEFAULT NULL,
  `consensus_mechanism` varchar(255) NOT NULL,
  `smart_contract_support` tinyint(1) NOT NULL,
  `fork_date` date DEFAULT NULL,
  `fork_type` varchar(255) DEFAULT NULL,
  PRIMARY KEY (`blockchainID`),
  KEY `BuiltOn_blockchainID` (`BuiltOn_blockchainID`),
  CONSTRAINT `blockchain_ibfk_1` FOREIGN KEY (`BuiltOn_blockchainID`) REFERENCES `blockchain` (`blockchainID`)
) ENGINE=InnoDB DEFAULT CHARSET=latin1 COLLATE=latin1_swedish_ci;

-- Dumping data for table cryptodatabase.blockchain: ~33 rows (approximately)
INSERT INTO `blockchain` (`blockchainID`, `BuiltOn_blockchainID`, `name`, `launch_date`, `block_time`, `consensus_mechanism`, `smart_contract_support`, `fork_date`, `fork_type`) VALUES
	(1, NULL, 'Bitcoin', '2009-01-03', 600, 'Proof of Work', 0, NULL, NULL),
	(2, NULL, 'Ethereum', '2015-07-30', 12, 'Proof of Stake', 1, NULL, NULL),
	(3, NULL, 'XRP Ledger', '2012-08-02', 4, 'Ripple Protocol Consensus', 0, NULL, NULL),
	(4, 1, 'Litecoin', '2011-10-13', 150, 'Proof of Work', 0, '2011-10-01', 'hard'),
	(5, NULL, 'BNB Smart Chain', '2019-02-01', 3, 'Proof of Staked Authority', 1, NULL, NULL),
	(6, NULL, 'Solana', '2020-03-24', 0.4, 'Proof of History', 1, NULL, NULL),
	(7, NULL, 'Cardano', '2017-09-29', 20, 'Proof of Stake', 1, NULL, NULL),
	(8, 4, 'Dogecoin', '2013-12-06', 60, 'Proof of Work', 0, '2013-12-06', 'hard'),
	(9, 2, 'Chainlink', '2017-09-19', 15, 'Proof of Stake', 1, NULL, NULL),
	(10, 2, 'Polygon', '2020-04-26', 2, 'Proof of Stake', 1, NULL, NULL),
	(11, 2, 'Shiba Inu', '2020-08-01', 5, 'Proof of Stake', 1, NULL, NULL),
	(12, NULL, 'X-Chain', '2020-09-22', 2.1, 'Avalanche Consensus', 1, NULL, NULL),
	(13, NULL, 'Tron Main', '2018-05-31', 3, 'Delegated Proof of Stake', 1, NULL, NULL),
	(14, NULL, 'Polkadot', '2020-05-26', 6, 'Nominated Proof of Stake', 1, NULL, NULL),
	(15, NULL, 'EOS.IO', '2018-06-01', 0.5, 'Delegated Proof of Stake', 1, NULL, NULL),
	(16, 1, 'Bitcoin Cash', '2017-08-01', 600, 'Proof of Work', 1, '2017-08-01', 'hard'),
	(17, NULL, 'Monero', '2014-04-18', 120, 'Proof of Work', 0, NULL, NULL),
	(18, 2, 'Ethereum Classic', '2016-07-20', 15, 'Proof of Work', 1, '2016-07-20', 'hard'),
	(19, NULL, 'Cosmos Hub', '2019-03-13', 6, 'Proof of Stake', 1, NULL, NULL),
	(20, NULL, 'Kaspa', '2021-11-07', 1, 'Proof of Work', 0, NULL, NULL),
	(21, NULL, 'Internet Computer', '2021-05-10', 0.93, 'Proof of Stake', 1, NULL, NULL),
	(22, NULL, 'Stellar', '2014-07-31', 5, 'Stellar Consensus', 0, NULL, NULL),
	(23, NULL, 'Algorand', '2019-06-19', 3.3, 'Pure Proof of Stake', 1, NULL, NULL),
	(24, NULL, 'The Open Network', '2020-05-07', 5, 'Proof of Stake', 1, NULL, NULL),
	(25, NULL, 'Aptos', '2022-10-22', 4, 'Proof of Stake', 1, NULL, NULL),
	(26, NULL, 'Cronos Chain', '2021-11-08', 5, 'Proof of Authority', 1, NULL, NULL),
	(27, NULL, 'NEAR Protocol', '2020-04-01', 1, 'Proof of Stake', 1, NULL, NULL),
	(28, NULL, 'VeChainThor', '2018-06-30', 10, 'Proof of Authority', 1, NULL, NULL),
	(29, 16, 'Bitcoin SV', '2018-11-15', 600, 'Proof of Work', 0, '2018-11-15', 'hard'),
	(30, 1, 'Ravencoin', '2018-01-03', 60, 'Proof of Work', 0, '2018-01-03', 'hard'),
	(31, 2, 'Pepe Coin', '2023-04-01', 12, 'Proof of Stake', 1, NULL, NULL),
	(32, 19, 'Injective', '2020-10-01', 0.82, 'Proof of Stake', 1, NULL, NULL),
	(33, 2, 'Optimism', '2022-11-01', 2, 'Proof of Stake', 1, NULL, NULL);

-- Dumping structure for table cryptodatabase.community
CREATE TABLE IF NOT EXISTS `community` (
  `cryptocurrencyID` int(11) NOT NULL,
  `website` varchar(255) DEFAULT NULL,
  `twitter` varchar(255) DEFAULT NULL,
  `discord` varchar(255) DEFAULT NULL,
  `reddit` varchar(255) DEFAULT NULL,
  `whitepaper` varchar(255) DEFAULT NULL,
  `is_open_source` tinyint(1) DEFAULT NULL,
  `repository_url` varchar(255) DEFAULT NULL,
  PRIMARY KEY (`cryptocurrencyID`),
  CONSTRAINT `community_ibfk_1` FOREIGN KEY (`cryptocurrencyID`) REFERENCES `cryptocurrency` (`cryptocurrencyID`)
) ENGINE=InnoDB DEFAULT CHARSET=latin1 COLLATE=latin1_swedish_ci;

-- Dumping data for table cryptodatabase.community: ~33 rows (approximately)
INSERT INTO `community` (`cryptocurrencyID`, `website`, `twitter`, `discord`, `reddit`, `whitepaper`, `is_open_source`, `repository_url`) VALUES
	(1, 'https://bitcoin.org/', 'https://twitter.com/Bitcoin/', NULL, NULL, 'https://bitcoin.org/bitcoin.pdf', 1, 'https://github.com/bitcoin'),
	(2, 'https://ethereum.org/', 'https://twitter.com/ethereum/', 'https://discord.com/invite/CetY6Y4', 'https://www.reddit.com/r/ethereum', 'https://ethereum.org/en/whitepaper/', 1, 'https://github.com/ethereum'),
	(3, 'https://www.ripple.com/', 'https://twitter.com/Ripple', NULL, NULL, 'https://www.ripple.com/files/ripple_consensus_whitepaper.pdf', 1, 'https://github.com/ripple'),
	(4, 'https://litecoin.org/', 'https://twitter.com/LTCFoundation', NULL, 'https://www.reddit.com/r/litecoin', 'https://litecoin.org/', 1, 'https://github.com/litecoin-project/litecoin'),
	(5, 'https://www.binance.com/', 'https://twitter.com/binance', NULL, NULL, 'https://www.binance.com/en/bnb', 1, 'https://github.com/binance-exchange'),
	(6, 'https://solana.com/', 'https://twitter.com/solana', NULL, 'https://www.reddit.com/r/solana', 'https://solana.com/solana-whitepaper.pdf', 1, 'https://github.com/solana-labs'),
	(7, 'https://cardano.org/', 'https://twitter.com/cardano', NULL, 'https://www.reddit.com/r/cardano', 'https://docs.cardano.org/en/latest/', 1, 'https://github.com/input-output-hk'),
	(8, 'https://dogecoin.com/', 'https://twitter.com/dogecoin', NULL, 'https://www.reddit.com/r/dogecoin', 'https://foundation.dogecoin.com/about/', 1, 'https://github.com/dogecoin'),
	(9, 'https://chain.link/', 'https://twitter.com/chainlink', NULL, 'https://www.reddit.com/r/chainlink', 'https://research.chain.link/whitepaper-v2.pdf', 1, 'https://github.com/smartcontractkit'),
	(10, 'https://polygon.technology/', 'hSttps://twitter.com/0xPolygon', 'https://discord.com/invite/XvpHAxZ', 'https://www.reddit.com/r/maticnetwork', 'https://polygon.technology/papers/pol-whitepaper', 1, 'https://github.com/maticnetwork'),
	(11, 'https://shibatoken.com/', 'https://twitter.com/shibainucoin', 'https://discord.com/invite/shibatoken', 'https://www.reddit.com/r/SHIBArmy', 'https://uploads-ssl.webflow.com/6424006598e25f12a6360e93/6425c40b662f5690cb62e831_Ryoshi_Article.pdf', 1, 'https://github.com/shibaswaparmy'),
	(12, 'https://www.avax.network/', 'https://twitter.com/avax', 'https://discord.com/invite/RwXY7P6', 'https://www.reddit.com/r/Avax/', 'https://www.avalabs.org/whitepapers', 1, 'https://github.com/ava-labs'),
	(13, 'https://tron.network/', 'https://twitter.com/Tronfoundation', 'https://discord.com/invite/hqKvyAM', 'https://www.reddit.com/r/Tronix', 'https://tron.network/static/doc/white_paper_v_2_0.pdf', 1, 'https://github.com/tronprotocol'),
	(14, 'https://polkadot.network/', 'https://twitter.com/Polkadot', 'https://discord.com/invite/polkadot', 'https://www.reddit.com/r/dot', 'https://polkadot.network/PolkaDotPaper.pdf', 1, 'https://github.com/paritytech'),
	(15, 'https://eos.io/', 'https://twitter.com/EOS_io', 'https://discord.com/invite/eos-network', 'https://www.reddit.com/r/eos', 'https://github.com/EOSIO/Documentation/blob/master/TechnicalWhitePaper.md', 1, 'https://github.com/EOSIO'),
	(16, 'https://bitcoincash.org/', 'https://twitter.com/bitcoincashorg', NULL, 'https://www.reddit.com/r/Bitcoincash/', 'https://bitcoincash.org/bitcoin.pdf', 1, 'https://github.com/bitcoincashbch/bitcoin-cash'),
	(17, 'https://www.getmonero.org/', 'https://twitter.com/monero', NULL, 'https://www.reddit.com/r/Monero', 'https://bytecoin.org/old/whitepaper.pdf', 1, 'https://github.com/monero-project/monero'),
	(18, 'https://ethereumclassic.org/', 'https://twitter.com/eth_classic', 'https://discord.com/invite/hQs894U', 'https://www.reddit.com/r/EthereumClassic/', 'https://github.com/ethereum/wiki/wiki/White-Paper', 1, 'https://github.com/ethereumclassic'),
	(19, 'https://cosmos.network/', 'https://twitter.com/cosmos', 'https://discord.gg/cosmosnetwork', 'https://www.reddit.com/r/cosmosnetwork', 'https://cosmos.network/resources/whitepaper', 1, 'https://github.com/cosmos/cosmos-sdk'),
	(20, 'https://kaspa.org/', 'https://twitter.com/KaspaCurrency', 'https://discord.com/invite/kS3SK5F36R', 'https://www.reddit.com/r/kaspa/', 'https://eprint.iacr.org/2018/104.pdf', 1, 'https://github.com/kaspanet'),
	(21, 'https://internetcomputer.org/', 'https://twitter.com/dfinity', NULL, NULL, 'https://internetcomputer.org/whitepaper.pdf', 1, 'https://github.com/dfinity'),
	(22, 'https://www.stellar.org/', 'https://twitter.com/StellarOrg', NULL, 'https://www.reddit.com/r/Stellar', 'https://www.stellar.org/papers/stellar-consensus-protocol.pdf', 1, 'https://github.com/stellar'),
	(23, 'https://www.algorand.com/', 'https://twitter.com/Algorand', 'https://discord.com/invite/QBYp7Y2', 'https://www.reddit.com/r/AlgorandOfficial', 'https://arxiv.org/pdf/1607.01341.pdf', 1, 'https://github.com/algorand'),
	(24, 'https://ton.org/', 'https://twitter.com/OpenNetwork', NULL, NULL, 'https://ton.org/docs/', 1, 'https://github.com/ton-blockchain'),
	(25, 'https://aptoslabs.com/', 'https://twitter.com/Aptos_Network', 'https://discord.com/invite/aptoslabs', 'https://www.reddit.com/r/aptos', 'https://aptosfoundation.org/whitepaper', 1, 'https://github.com/aptos-labs'),
	(26, 'https://cronos.org/', 'https://twitter.com/cronos_chain', 'https://discord.com/invite/cronos', NULL, 'https://whitepaper.cronos.org/', 1, 'https://github.com/crypto-org-chain'),
	(27, 'https://near.org/', 'https://twitter.com/nearprotocol', 'https://discord.com/invite/zfhfRpaM4m', 'https://www.reddit.com/r/nearprotocol', 'https://near.org/papers/the-official-near-white-paper', 1, 'https://github.com/near'),
	(28, 'https://www.vechain.org/', 'https://twitter.com/vechainofficial', NULL, 'https://www.reddit.com/r/Vechain', 'https://www.vechain.org/whitepaper/', 1, 'https://github.com/vechain'),
	(29, 'https://bitcoinsv.com/', 'https://twitter.com/BitcoinSVNode', NULL, 'https://www.reddit.com/r/bitcoincashSV', 'https://www.bsvblockchain.org/about', 1, 'https://github.com/bitcoin-sv'),
	(30, 'https://ravencoin.org/', 'https://twitter.com/ravencoin', 'https://discord.com/invite/CqbfUZd', 'https://www.reddit.com/r/Ravencoin', 'https://ravencoin.org/assets/documents/Ravencoin.pdf', 1, 'https://github.com/RavenProject'),
	(31, 'https://www.pepe.vip/', 'https://twitter.com/pepecoineth', NULL, NULL, 'https://www.allcryptowhitepapers.com/pepe-whitepaper/', NULL, NULL),
	(32, 'https://injective.com/', 'https://twitter.com/Injective_', 'https://discord.com/invite/NK4qdbv', NULL, 'https://docs.injective.network/learn/introduction', 1, 'https://github.com/InjectiveLabs'),
	(33, 'https://app.optimism.io/governance', 'https://twitter.com/optimismFND', 'https://discord.com/invite/optimism', NULL, 'https://community.optimism.io/', 1, 'https://github.com/ethereum-optimism');

-- Dumping structure for table cryptodatabase.cryptocurrency
CREATE TABLE IF NOT EXISTS `cryptocurrency` (
  `cryptocurrencyID` int(11) NOT NULL,
  `name` varchar(255) NOT NULL,
  `symbol` varchar(255) NOT NULL,
  `launch_date` date NOT NULL,
  `blockchainID` int(11) NOT NULL,
  PRIMARY KEY (`cryptocurrencyID`),
  KEY `blockchainID` (`blockchainID`),
  CONSTRAINT `cryptocurrency_ibfk_1` FOREIGN KEY (`blockchainID`) REFERENCES `blockchain` (`blockchainID`)
) ENGINE=InnoDB DEFAULT CHARSET=latin1 COLLATE=latin1_swedish_ci;

-- Dumping data for table cryptodatabase.cryptocurrency: ~33 rows (approximately)
INSERT INTO `cryptocurrency` (`cryptocurrencyID`, `name`, `symbol`, `launch_date`, `blockchainID`) VALUES
	(1, 'Bitcoin', 'BTC', '2009-01-03', 1),
	(2, 'Ether', 'ETH', '2015-07-30', 2),
	(3, 'Ripple', 'XRP', '2012-08-02', 3),
	(4, 'Litecoin', 'LTC', '2011-10-13', 4),
	(5, 'Binance Coin', 'BNB', '2019-04-18', 5),
	(6, 'Solana', 'SOL', '2020-03-24', 6),
	(7, 'Cardano', 'ADA', '2017-09-29', 7),
	(8, 'Dogecoin', 'DOGE', '2013-12-06', 8),
	(9, 'Chainlink', 'LINK', '2017-09-19', 9),
	(10, 'Polygon', 'MATIC', '2019-04-26', 10),
	(11, 'Shiba Inu', 'SHIB', '2020-08-01', 11),
	(12, 'Avalanche', 'AVAX', '2020-09-22', 12),
	(13, 'TRON', 'TRX', '2017-08-01', 13),
	(14, 'Polkadot', 'DOT', '2020-05-26', 14),
	(15, 'EOS', 'EOS', '2018-06-01', 15),
	(16, 'Bitcoin Cash', 'BCH', '2017-08-01', 16),
	(17, 'Monero', 'XMR', '2014-04-18', 17),
	(18, 'Ethereum Classic', 'ETC', '2016-07-20', 18),
	(19, 'Cosmos', 'ATOM', '2019-03-13', 19),
	(20, 'Kaspa', 'KAS', '2021-11-07', 20),
	(21, 'Internet Computer', 'ICP', '2021-05-10', 21),
	(22, 'Stellar Lumens', 'XLM', '2014-07-31', 22),
	(23, 'Algorand', 'ALGO', '2019-06-19', 23),
	(24, 'Toncoin', 'TON', '2020-05-07', 24),
	(25, 'Aptos ', 'APT', '2022-10-22', 25),
	(26, 'Cronos', 'CRO', '2018-12-01', 26),
	(27, 'NEAR Protocol', 'NEAR', '2020-04-01', 27),
	(28, 'VeChain', 'VET', '2018-06-30', 28),
	(29, 'Bitcoin SV', 'BSV', '2018-11-15', 29),
	(30, 'Ravecoin', 'RVN', '2018-01-03', 30),
	(31, 'Pepe Coin', 'PEPE', '2023-04-01', 31),
	(32, 'Injective', 'INJ', '2020-10-01', 32),
	(33, 'Optimism', 'OP', '2022-11-01', 33);

-- Dumping structure for table cryptodatabase.cryptocurrency_founder
CREATE TABLE IF NOT EXISTS `cryptocurrency_founder` (
  `cryptocurrencyID` int(11) NOT NULL,
  `founder` varchar(255) NOT NULL,
  PRIMARY KEY (`founder`,`cryptocurrencyID`),
  KEY `cryptocurrencyID` (`cryptocurrencyID`),
  CONSTRAINT `cryptocurrency_founder_ibfk_1` FOREIGN KEY (`cryptocurrencyID`) REFERENCES `cryptocurrency` (`cryptocurrencyID`)
) ENGINE=InnoDB DEFAULT CHARSET=latin1 COLLATE=latin1_swedish_ci;

-- Dumping data for table cryptodatabase.cryptocurrency_founder: ~61 rows (approximately)
INSERT INTO `cryptocurrency_founder` (`cryptocurrencyID`, `founder`) VALUES
	(1, 'Satoshi Nakamoto'),
	(2, 'Anthony Di Lorio'),
	(2, 'Charles Hoskinson'),
	(2, 'Gavin Wood'),
	(2, 'Joseph Lubin'),
	(2, 'Vitalik Buterin'),
	(3, 'Jed McCaleb'),
	(3, 'Ryan Fugger'),
	(4, 'Charlie Lee'),
	(5, 'Changpeng Zhao'),
	(6, 'Anatoly Yakovenko'),
	(7, 'Charles Hoskinson'),
	(7, 'Jeremy Wood'),
	(8, 'Billy Markus'),
	(8, 'Jackson Palmer'),
	(9, 'Sergey Nazarov'),
	(9, 'Steve Ellis'),
	(10, 'Anurag Arjun'),
	(10, 'Jaynti Kanani'),
	(10, 'Mihailo Bjelic'),
	(10, 'Sandeep Nailwal'),
	(11, 'Ryoshi'),
	(11, 'Shyotshi Kusama'),
	(12, 'Emin Gün Sirer'),
	(12, 'Kevin Sekniqi'),
	(12, 'Maofan Yin'),
	(13, 'Justin Sun'),
	(14, 'Gavin Wood'),
	(15, 'Brendan Blumer'),
	(15, 'Daniel Larimer'),
	(16, 'Bitcoin Community'),
	(17, 'Nicolas van Saberhagen'),
	(18, 'Gavin Wood'),
	(18, 'Vitalik Buterin'),
	(19, 'Ethan Buchman'),
	(19, 'Jae Kwon'),
	(20, 'Yonatan Sompolinsky'),
	(21, 'Dominic Williams'),
	(22, 'Jed McCaleb'),
	(22, 'Joyce Kim'),
	(23, 'Silvio Micali'),
	(24, 'Pavel Durov'),
	(25, 'Avery Ching'),
	(25, 'Mo Shaikh'),
	(26, 'Bobby Bao'),
	(26, 'Gary Or'),
	(26, 'Kris Marszalek'),
	(27, 'Alexander Skidanov'),
	(27, 'Erik Trautman'),
	(27, 'Illia Polosukhin'),
	(28, 'Jay Zhang'),
	(28, 'Sunny Lu'),
	(29, 'Bitcoin Community'),
	(30, 'Bruce Fenton'),
	(30, 'Tron Black'),
	(31, 'Unknown'),
	(32, 'Albert Chon'),
	(32, 'Eric Chen'),
	(33, 'Jinglan Wang'),
	(33, 'Karl Floersch'),
	(33, 'Kevin Ho');

-- Dumping structure for table cryptodatabase.exchange
CREATE TABLE IF NOT EXISTS `exchange` (
  `exchangeID` int(11) NOT NULL,
  `name` varchar(255) NOT NULL,
  `website` varchar(255) NOT NULL,
  `fee_structure` varchar(255) DEFAULT NULL,
  `location` varchar(255) NOT NULL,
  `launch_date` date NOT NULL,
  `publically_traded` varchar(255) NOT NULL,
  PRIMARY KEY (`exchangeID`)
) ENGINE=InnoDB DEFAULT CHARSET=latin1 COLLATE=latin1_swedish_ci;

-- Dumping data for table cryptodatabase.exchange: ~10 rows (approximately)
INSERT INTO `exchange` (`exchangeID`, `name`, `website`, `fee_structure`, `location`, `launch_date`, `publically_traded`) VALUES
	(1, 'Coinbase', 'https://www.coinbase.com/', 'percentage', 'United States', '2012-06-01', 'Yes'),
	(2, 'Binance', 'https://www.binance.com/', 'percentage', 'Cayman Islands', '2017-06-01', 'No'),
	(3, 'Kraken', 'https://www.kraken.com/', 'percentage', 'United States', '2011-07-28', 'No'),
	(4, 'Bitfinex', 'https://www.bitfinex.com/', 'percentage', 'British Virgin Islands', '2012-10-11', 'No'),
	(5, 'Crypto.com', 'https://crypto.com/', 'percentage', 'Singapore', '2016-06-01', 'No'),
	(6, 'Gemini', 'https://www.gemini.com/', 'percentage', 'United States', '2014-06-01', 'No'),
	(7, 'Huobi Global', 'https://www.htx.com/', 'percentage', 'Seychelles', '2013-09-01', 'No'),
	(8, 'KuCoin', 'https://www.kucoin.com/', 'percentage', 'Seychelles', '2017-09-15', 'No'),
	(9, 'OKX', 'https://www.okx.com/', 'percentage', 'Malta', '2017-01-01', 'No'),
	(10, 'Bitstamp', 'https://www.bitstamp.net/', 'percentage', 'Luxembourg', '2011-08-01', 'No');

-- Dumping structure for table cryptodatabase.listedon
CREATE TABLE IF NOT EXISTS `listedon` (
  `cryptocurrencyID` int(11) NOT NULL,
  `exchangeID` int(11) NOT NULL,
  PRIMARY KEY (`cryptocurrencyID`,`exchangeID`),
  KEY `exchangeID` (`exchangeID`),
  CONSTRAINT `listedon_ibfk_1` FOREIGN KEY (`cryptocurrencyID`) REFERENCES `cryptocurrency` (`cryptocurrencyID`),
  CONSTRAINT `listedon_ibfk_2` FOREIGN KEY (`exchangeID`) REFERENCES `exchange` (`exchangeID`)
) ENGINE=InnoDB DEFAULT CHARSET=latin1 COLLATE=latin1_swedish_ci;

-- Dumping data for table cryptodatabase.listedon: ~240 rows (approximately)
INSERT INTO `listedon` (`cryptocurrencyID`, `exchangeID`) VALUES
	(1, 1),
	(2, 1),
	(3, 1),
	(4, 1),
	(6, 1),
	(7, 1),
	(8, 1),
	(9, 1),
	(10, 1),
	(11, 1),
	(12, 1),
	(14, 1),
	(15, 1),
	(16, 1),
	(18, 1),
	(19, 1),
	(21, 1),
	(22, 1),
	(23, 1),
	(25, 1),
	(26, 1),
	(27, 1),
	(28, 1),
	(32, 1),
	(33, 1),
	(1, 2),
	(2, 2),
	(3, 2),
	(4, 2),
	(5, 2),
	(6, 2),
	(7, 2),
	(8, 2),
	(9, 2),
	(10, 2),
	(11, 2),
	(12, 2),
	(13, 2),
	(14, 2),
	(15, 2),
	(16, 2),
	(17, 2),
	(18, 2),
	(19, 2),
	(21, 2),
	(22, 2),
	(23, 2),
	(25, 2),
	(27, 2),
	(28, 2),
	(30, 2),
	(31, 2),
	(32, 2),
	(33, 2),
	(1, 3),
	(2, 3),
	(3, 3),
	(4, 3),
	(6, 3),
	(7, 3),
	(8, 3),
	(9, 3),
	(10, 3),
	(11, 3),
	(12, 3),
	(13, 3),
	(14, 3),
	(15, 3),
	(16, 3),
	(17, 3),
	(18, 3),
	(19, 3),
	(21, 3),
	(22, 3),
	(23, 3),
	(25, 3),
	(27, 3),
	(31, 3),
	(32, 3),
	(33, 3),
	(1, 4),
	(2, 4),
	(3, 4),
	(4, 4),
	(6, 4),
	(7, 4),
	(8, 4),
	(9, 4),
	(10, 4),
	(11, 4),
	(12, 4),
	(13, 4),
	(14, 4),
	(15, 4),
	(17, 4),
	(18, 4),
	(21, 4),
	(22, 4),
	(23, 4),
	(24, 4),
	(25, 4),
	(27, 4),
	(28, 4),
	(31, 4),
	(1, 5),
	(2, 5),
	(3, 5),
	(4, 5),
	(6, 5),
	(7, 5),
	(8, 5),
	(9, 5),
	(10, 5),
	(11, 5),
	(12, 5),
	(14, 5),
	(15, 5),
	(16, 5),
	(18, 5),
	(19, 5),
	(21, 5),
	(22, 5),
	(23, 5),
	(26, 5),
	(27, 5),
	(28, 5),
	(30, 5),
	(32, 5),
	(33, 5),
	(1, 6),
	(2, 6),
	(3, 6),
	(4, 6),
	(6, 6),
	(14, 6),
	(16, 6),
	(26, 6),
	(31, 6),
	(1, 7),
	(2, 7),
	(3, 7),
	(4, 7),
	(5, 7),
	(6, 7),
	(7, 7),
	(8, 7),
	(9, 7),
	(10, 7),
	(11, 7),
	(12, 7),
	(13, 7),
	(14, 7),
	(15, 7),
	(16, 7),
	(17, 7),
	(18, 7),
	(19, 7),
	(21, 7),
	(22, 7),
	(24, 7),
	(25, 7),
	(27, 7),
	(28, 7),
	(29, 7),
	(30, 7),
	(31, 7),
	(32, 7),
	(33, 7),
	(1, 8),
	(2, 8),
	(3, 8),
	(4, 8),
	(5, 8),
	(6, 8),
	(7, 8),
	(8, 8),
	(9, 8),
	(10, 8),
	(11, 8),
	(12, 8),
	(13, 8),
	(14, 8),
	(15, 8),
	(16, 8),
	(17, 8),
	(18, 8),
	(19, 8),
	(20, 8),
	(21, 8),
	(22, 8),
	(24, 8),
	(25, 8),
	(26, 8),
	(27, 8),
	(28, 8),
	(29, 8),
	(30, 8),
	(31, 8),
	(32, 8),
	(33, 8),
	(1, 9),
	(2, 9),
	(3, 9),
	(4, 9),
	(5, 9),
	(6, 9),
	(7, 9),
	(8, 9),
	(9, 9),
	(10, 9),
	(11, 9),
	(12, 9),
	(13, 9),
	(14, 9),
	(15, 9),
	(16, 9),
	(17, 9),
	(18, 9),
	(19, 9),
	(21, 9),
	(22, 9),
	(24, 9),
	(25, 9),
	(26, 9),
	(27, 9),
	(29, 9),
	(30, 9),
	(31, 9),
	(32, 9),
	(33, 9),
	(1, 10),
	(2, 10),
	(3, 10),
	(4, 10),
	(6, 10),
	(7, 10),
	(14, 10),
	(16, 10),
	(22, 10),
	(32, 10);

-- Dumping structure for table cryptodatabase.market
CREATE TABLE IF NOT EXISTS `market` (
  `cryptocurrencyID` int(11) NOT NULL,
  `price_usd` decimal(15,10) NOT NULL,
  `market_cap` decimal(15,2) NOT NULL,
  `24hr_volume` decimal(15,2) NOT NULL,
  `24hr_change` decimal(15,2) NOT NULL,
  `all_time_high` decimal(15,10) NOT NULL,
  `all_time_low` decimal(15,10) NOT NULL,
  `circulating_supply` decimal(20,2) NOT NULL,
  `last_updated` date NOT NULL,
  PRIMARY KEY (`cryptocurrencyID`),
  CONSTRAINT `market_ibfk_1` FOREIGN KEY (`cryptocurrencyID`) REFERENCES `cryptocurrency` (`cryptocurrencyID`)
) ENGINE=InnoDB DEFAULT CHARSET=latin1 COLLATE=latin1_swedish_ci;

-- Dumping data for table cryptodatabase.market: ~33 rows (approximately)
INSERT INTO `market` (`cryptocurrencyID`, `price_usd`, `market_cap`, `24hr_volume`, `24hr_change`, `all_time_high`, `all_time_low`, `circulating_supply`, `last_updated`) VALUES
	(1, 0.0000000000, 0.00, 0.00, 0.00, 0.0000000000, 0.0000000000, 0.00, '2023-12-13'),
	(2, 0.0000000000, 0.00, 0.00, 0.00, 0.0000000000, 0.0000000000, 0.00, '2023-12-13'),
	(3, 0.0000000000, 0.00, 0.00, 0.00, 0.0000000000, 0.0000000000, 0.00, '2023-12-13'),
	(4, 0.0000000000, 0.00, 0.00, 0.00, 0.0000000000, 0.0000000000, 0.00, '2023-12-13'),
	(5, 0.0000000000, 0.00, 0.00, 0.00, 0.0000000000, 0.0000000000, 0.00, '2023-12-13'),
	(6, 0.0000000000, 0.00, 0.00, 0.00, 0.0000000000, 0.0000000000, 0.00, '2023-12-13'),
	(7, 0.0000000000, 0.00, 0.00, 0.00, 0.0000000000, 0.0000000000, 0.00, '2023-12-13'),
	(8, 0.0000000000, 0.00, 0.00, 0.00, 0.0000000000, 0.0000000000, 0.00, '2023-12-13'),
	(9, 0.0000000000, 0.00, 0.00, 0.00, 0.0000000000, 0.0000000000, 0.00, '2023-12-13'),
	(10, 0.0000000000, 0.00, 0.00, 0.00, 0.0000000000, 0.0000000000, 0.00, '2023-12-13'),
	(11, 0.0000000000, 0.00, 0.00, 0.00, 0.0000000000, 0.0000000000, 0.00, '2023-12-13'),
	(12, 0.0000000000, 0.00, 0.00, 0.00, 0.0000000000, 0.0000000000, 0.00, '2023-12-13'),
	(13, 0.0000000000, 0.00, 0.00, 0.00, 0.0000000000, 0.0000000000, 0.00, '2023-12-13'),
	(14, 0.0000000000, 0.00, 0.00, 0.00, 0.0000000000, 0.0000000000, 0.00, '2023-12-13'),
	(15, 0.0000000000, 0.00, 0.00, 0.00, 0.0000000000, 0.0000000000, 0.00, '2023-12-13'),
	(16, 0.0000000000, 0.00, 0.00, 0.00, 0.0000000000, 0.0000000000, 0.00, '2023-12-13'),
	(17, 0.0000000000, 0.00, 0.00, 0.00, 0.0000000000, 0.0000000000, 0.00, '2023-12-13'),
	(18, 0.0000000000, 0.00, 0.00, 0.00, 0.0000000000, 0.0000000000, 0.00, '2023-12-13'),
	(19, 0.0000000000, 0.00, 0.00, 0.00, 0.0000000000, 0.0000000000, 0.00, '2023-12-13'),
	(20, 0.0000000000, 0.00, 0.00, 0.00, 0.0000000000, 0.0000000000, 0.00, '2023-12-13'),
	(21, 0.0000000000, 0.00, 0.00, 0.00, 0.0000000000, 0.0000000000, 0.00, '2023-12-13'),
	(22, 0.0000000000, 0.00, 0.00, 0.00, 0.0000000000, 0.0000000000, 0.00, '2023-12-13'),
	(23, 0.0000000000, 0.00, 0.00, 0.00, 0.0000000000, 0.0000000000, 0.00, '2023-12-13'),
	(24, 0.0000000000, 0.00, 0.00, 0.00, 0.0000000000, 0.0000000000, 0.00, '2023-12-13'),
	(25, 0.0000000000, 0.00, 0.00, 0.00, 0.0000000000, 0.0000000000, 0.00, '2023-12-13'),
	(26, 0.0000000000, 0.00, 0.00, 0.00, 0.0000000000, 0.0000000000, 0.00, '2023-12-13'),
	(27, 0.0000000000, 0.00, 0.00, 0.00, 0.0000000000, 0.0000000000, 0.00, '2023-12-13'),
	(28, 0.0000000000, 0.00, 0.00, 0.00, 0.0000000000, 0.0000000000, 0.00, '2023-12-13'),
	(29, 0.0000000000, 0.00, 0.00, 0.00, 0.0000000000, 0.0000000000, 0.00, '2023-12-13'),
	(30, 0.0000000000, 0.00, 0.00, 0.00, 0.0000000000, 0.0000000000, 0.00, '2023-12-13'),
	(31, 0.0000000000, 0.00, 0.00, 0.00, 0.0000000000, 0.0000000000, 0.00, '2023-12-13'),
	(32, 0.0000000000, 0.00, 0.00, 0.00, 0.0000000000, 0.0000000000, 0.00, '2023-12-13'),
	(33, 0.0000000000, 0.00, 0.00, 0.00, 0.0000000000, 0.0000000000, 0.00, '2023-12-13');

-- Dumping structure for table cryptodatabase.specification
CREATE TABLE IF NOT EXISTS `specification` (
  `cryptocurrencyID` int(11) NOT NULL,
  `use_case` varchar(255) NOT NULL,
  `total_supply` decimal(65,2) DEFAULT NULL,
  `max_supply` decimal(65,2) DEFAULT NULL,
  `last_update` date DEFAULT NULL,
  PRIMARY KEY (`cryptocurrencyID`),
  CONSTRAINT `specification_ibfk_1` FOREIGN KEY (`cryptocurrencyID`) REFERENCES `cryptocurrency` (`cryptocurrencyID`)
) ENGINE=InnoDB DEFAULT CHARSET=latin1 COLLATE=latin1_swedish_ci;

-- Dumping data for table cryptodatabase.specification: ~33 rows (approximately)
INSERT INTO `specification` (`cryptocurrencyID`, `use_case`, `total_supply`, `max_supply`, `last_update`) VALUES
	(1, 'digital currency', NULL, NULL, '2023-12-13'),
	(2, 'smart contracts', NULL, NULL, '2023-12-13'),
	(3, 'digital payments', NULL, NULL, '2023-12-13'),
	(4, 'digital currency', NULL, NULL, '2023-12-13'),
	(5, 'utility', NULL, NULL, '2023-12-13'),
	(6, 'smart contracts', NULL, NULL, '2023-12-13'),
	(7, 'smart contracts', NULL, NULL, '2023-12-13'),
	(8, 'meme and digital currency', NULL, NULL, '2023-12-13'),
	(9, 'DeFi', NULL, NULL, '2023-12-13'),
	(10, 'ethereum scaling solution', NULL, NULL, '2023-12-13'),
	(11, 'meme token', NULL, NULL, '2023-12-13'),
	(12, 'smart contracts', NULL, NULL, '2023-12-13'),
	(13, 'digital entertainment', NULL, NULL, '2023-12-13'),
	(14, 'interoperability', NULL, NULL, '2023-12-13'),
	(15, 'dApps', NULL, NULL, '2023-12-13'),
	(16, 'digital currency', NULL, NULL, '2023-12-13'),
	(17, 'digital currency', NULL, NULL, '2023-12-13'),
	(18, 'smart contracts', NULL, NULL, '2023-12-13'),
	(19, 'interoperability', NULL, NULL, '2023-12-13'),
	(20, 'digital payments', NULL, NULL, '2023-12-13'),
	(21, 'internet services', NULL, NULL, '2023-12-13'),
	(22, 'digital payments', NULL, NULL, '2023-12-13'),
	(23, 'financial infastructure', NULL, NULL, '2023-12-13'),
	(24, 'digital currency', NULL, NULL, '2023-12-13'),
	(25, 'smart contracts', NULL, NULL, '2023-12-13'),
	(26, 'dApps', NULL, NULL, '2023-12-13'),
	(27, 'smart contracts', NULL, NULL, '2023-12-13'),
	(28, 'digital currency', NULL, NULL, '2023-12-13'),
	(29, 'digital currency', NULL, NULL, '2023-12-13'),
	(30, 'asset tokenization', NULL, NULL, '2023-12-13'),
	(31, 'meme', NULL, NULL, '2023-12-13'),
	(32, 'dApps', NULL, NULL, '2023-12-13'),
	(33, 'governance', NULL, NULL, '2023-12-13');

/*!40103 SET TIME_ZONE=IFNULL(@OLD_TIME_ZONE, 'system') */;
/*!40101 SET SQL_MODE=IFNULL(@OLD_SQL_MODE, '') */;
/*!40014 SET FOREIGN_KEY_CHECKS=IFNULL(@OLD_FOREIGN_KEY_CHECKS, 1) */;
/*!40101 SET CHARACTER_SET_CLIENT=@OLD_CHARACTER_SET_CLIENT */;
/*!40111 SET SQL_NOTES=IFNULL(@OLD_SQL_NOTES, 1) */;
